Code,Name
002785,진흥기업우B
003075,코오롱글로벌우
005965,동부건설우
270520,지엔원에너지
019175,신풍제약우
011370,서한
005960,동부건설
002787,진흥기업2우B
072520,제넨바이오
037350,성도이엔지
236810,엔비티
134580,탑코미디어
221840,하이즈항공
002780,진흥기업
001755,한양증권우
090355,노루페인트우
227950,엔투텍
086460,에스엔피제네틱스
017000,신원종합개발
115180,큐리언트
253610,루트락
299670,에스엠비나
00806K,대덕1우
004960,한신공영
024940,PN풍년
058450,일야
354390,바스칸바이오제약
078940,코드네이처
223220,로지스몬
215570,크로넥스
362320,청담글로벌
203400,에이비온
341160,하나금융15호스팩
058430,포스코스틸리온
199290,바이오프로테크
216050,인크로스
290520,신도기연
025560,미래산업
092590,럭스피아
238200,비피도
095190,이엠코리아
000547,흥국화재2우B
019170,신풍제약
009520,포스코엠텍
254160,제이엠멀티
001570,금양
208850,이비테크
032685,소프트센우
102950,아하
001745,SK네트웍스우
049480,오픈베이스
011560,세보엠이씨
232830,시큐센
138040,메리츠금융지주
034300,신세계건설
007575,일양약품우
069640,한세엠케이
023440,제이스코홀딩스
091440,텔레필드
003780,진양산업
322780,코퍼스코리아
014790,HL D&I
266170,뿌리깊은나무들
033180,KH 필룩스
318660,타임기술
258050,테크트랜스
076340,관악산업
171090,선익시스템
139990,아주스틸
093510,엔지브이아이
363250,진시스템
376300,디어유
056700,신화인터텍
013360,일성건설
900300,오가닉티코스메틱
020120,키다리스튜디오
013580,계룡건설
007680,대원
250930,예선테크
190510,나무가
017370,우신시스템
032190,다우데이타
352820,하이브
112040,위메이드
004360,세방
025950,동신건설
348840,데이드림엔터
119850,지엔씨에너지
092040,아미코젠
066410,버킷스튜디오
002025,코오롱우
001880,DL건설
088390,이녹스
039130,하나투어
035900,JYP Ent.
233990,질경이
310200,애니플러스
263720,디앤씨미디어
335890,비올
068940,셀피글로벌
005257,녹십자홀딩스2우
005320,국동
115570,스타플렉스
006360,GS건설
101360,이엔드디
114840,아이패밀리에스씨
035890,서희건설
251370,와이엠티
377030,맥스트
35320K,대덕전자1우
000545,흥국화재우
03481K,해성산업1우
034830,한국토지신탁
241840,에이스토리
044480,블루베리 NFT
000325,노루홀딩스우
010280,쌍용정보통신
140410,메지온
041650,상신브레이크
183410,골프존데카
408920,에스케이증권7호스팩
009415,태영건설우
382480,지아이텍
002460,화성산업
003160,디아이
323410,카카오뱅크
263020,디케이앤디
382840,원준
067630,HLB생명과학
179720,렌딩머신
036420,콘텐트리중앙
068050,팬엔터테인먼트
336570,원텍
005950,이수화학
038540,상상인
071840,롯데하이마트
224760,엔에스컴퍼니
088800,에이스테크
138070,신진에스엠
217320,썬테크
141080,레고켐바이오
123700,SJM
089590,제주항공
017900,광전자
272450,진에어
000250,삼천당제약
348350,위드텍
002240,고려제강
291230,엔피
013120,동원개발
021650,한국큐빅
285490,노바텍
154040,솔루에타
189350,코셋
054940,엑사이엔씨
144510,지씨셀
054540,삼영엠텍
001840,이화공영
317400,자이에스앤디
046390,삼화네트웍스
207760,미스터블루
097780,에스맥
072470,우리산업홀딩스
304100,솔트룩스
314130,지놈앤컴퍼니
009410,태영건설
008560,메리츠증권
059100,아이컴포넌트
054930,유신
206950,볼빅
082270,젬백스
425420,티에프이
178600,대동고려삼
348150,고바이오랩
950170,JTC
053030,바이넥스
002420,세기상사
108860,셀바스AI
046120,오르비텍
352480,씨앤씨인터내셔널
021320,KCC건설
063440,SM Life Design
250030,진코스텍
258540,스템랩
128540,에코캡
088290,이원컴포텍
085370,루트로닉
109740,디에스케이
013810,스페코
024070,WISCOM
276040,스코넥
000060,메리츠화재
397030,에이프릴바이오
160550,NEW
072130,유엔젤
118990,모트렉스
036810,에프에스티
010960,삼호개발
196170,알테오젠
049430,코메론
403870,HPSP
227610,아우딘퓨쳐스
413300,티엘엔지니어링
046310,백금T&A
018700,바른손
294870,HDC현대산업개발
007720,대명소노시즌
001527,동양2우B
145990,삼양사
050760,에스폴리텍
001525,동양우
016740,두올
026890,스틱인베스트먼트
080160,모두투어
010640,진양폴리
219130,타이거일렉
388790,IBKS제16호스팩
092780,동양피스톤
298870,다올인베스트먼트
045660,에이텍
032680,소프트센
053060,세동
348340,뉴로메카
297570,알로이스
006050,국영지앤엠
298690,에어부산
267980,매일유업
253450,스튜디오드래곤
255440,야스
192820,코스맥스
091810,티웨이항공
069620,대웅제약
344050,신영스팩6호
222040,코스맥스엔비티
161570,THE MIDONG
003350,한국화장품제조
051380,피씨디렉트
029960,코엔텍
251270,넷마블
182400,엔케이맥스
061040,알에프텍
340930,유일에너테크
258790,소프트캠프
183300,코미코
005420,코스모화학
204270,제이앤티씨
005110,한창
009970,영원무역홀딩스
095700,제넥신
174880,장원테크
246720,아스타
264450,유비쿼스
318000,KBG
058630,엠게임
340440,세림B&G
050960,수산아이앤티
226320,잇츠한불
206650,유바이오로직스
094480,갤럭시아머니트리
217880,틸론
101730,위메이드맥스
238500,로보쓰리
129920,대성하이텍
070960,용평리조트
054040,한국컴퓨터
290660,네오펙트
004545,깨끗한나라우
000760,이화산업
102710,이엔에프테크놀로지
412350,레이저쎌
078600,대주전자재료
297890,HB솔루션
300720,한일시멘트
012630,HDC
226330,신테카바이오
194700,노바렉스
309930,오하임아이엔티
228340,동양파일
016250,SGC이테크건설
013570,디와이
095270,웨이브일렉트로
377300,카카오페이
123330,제닉
383310,에코프로에이치엔
093520,매커스
243870,굿센
046940,우원개발
234690,녹십자웰빙
101140,인바이오젠
044180,KD
372170,윤성에프앤씨
031430,신세계인터내셔날
900290,GRT
256940,케이피에스
396690,미래에셋글로벌리츠
004565,현대비앤지스틸우
067160,아프리카TV
148150,세경하이테크
179290,엠아이텍
019990,에너토크
008355,남선알미우
215000,골프존
007570,일양약품
010145,삼성중공우
004415,서울식품우
001530,DI동일
024060,흥구석유
357780,솔브레인
069140,누리플랜
134060,이퓨쳐
291810,핀텔
163730,핑거
311320,지오엘리먼트
403550,쏘카
001430,세아베스틸지주
115450,HLB테라퓨틱스
900340,윙입푸드
016450,한세예스24홀딩스
079170,한창산업
299900,위지윅스튜디오
200130,콜마비앤에이치
263600,덕우전자
004365,세방우
037560,LG헬로비전
014200,광림
003580,HLB글로벌
290740,액트로
047920,HLB제약
166090,하나머티리얼즈
004835,덕성우
001470,삼부토건
010400,우진아이엔에스
159010,아스플로
000995,DB하이텍1우
086790,하나금융지주
000990,DB하이텍
042940,상지카일룸
108670,LX하우시스
030210,다올투자증권
267290,경동도시가스
163430,디피코
000725,현대건설우
102370,케이옥션
257720,실리콘투
032080,아즈텍WB
122870,와이지엔터테인먼트
037270,YG PLUS
041020,폴라리스오피스
002320,한진
000490,대동
025530,SJM홀딩스
180060,탑선
020400,대동금속
036530,SNT홀딩스
008775,호텔신라우
060980,HL홀딩스
203450,유니온커뮤니티
035600,KG이니시스
306040,에스제이그룹
214870,뉴지랩파마
185750,종근당
272290,이녹스첨단소재
186230,그린플러스
058820,CMG제약
263750,펄어비스
086390,유니테스트
078020,이베스트투자증권
058470,리노공업
208370,셀바스헬스케어
270870,뉴트리
012790,신일제약
123890,한국자산신탁
246250,에스엘에스바이오
115390,락앤락
227420,도부마스크
084990,헬릭스미스
042000,카페24
005290,동진쎄미켐
000225,유유제약1우
041510,에스엠
060720,KH바텍
122450,KX
323230,엠에프엠코리아
145995,삼양사우
217190,제너셈
016790,카나리아바이오
052790,액토즈소프트
377480,마인즈랩
064550,바이오니아
389030,지니너스
011390,부산산업
065440,이루온
214310,에스엘바이오닉스
064260,다날
006840,AK홀딩스
077500,유니퀘스트
161890,한국콜마
183190,아세아시멘트
004105,태양금속우
257990,나우코스
216080,제테마
104200,NHN벅스
317860,노드메이슨
047820,초록뱀미디어
288330,브릿지바이오테라퓨틱스
025890,한국주강
057540,옴니시스템
085660,차바이오텍
001380,SG글로벌
077970,STX엔진
001515,SK증권우
020000,한섬
122690,서진오토모티브
276240,엘리비젼
023790,동일철강
403360,라피치
048530,인트론바이오
104620,노랑풍선
000390,삼화페인트
003380,하림지주
003720,삼영화학
001260,남광토건
331920,셀레믹스
046210,파나진
010580,에스엠벡셀
208340,파멥신
192400,쿠쿠홀딩스
048260,오스템임플란트
212310,휴벡셀
263860,지니언스
094850,참좋은여행
018250,애경산업
007210,벽산
011810,STX
096240,크레버스
005820,원림
054450,텔레칩스
033320,제이씨현시스템
147760,마이크로프랜드
003090,대웅
032540,TJ미디어
000070,삼양홀딩스
213420,덕산네오룩스
044380,주연테크
008370,원풍
051500,CJ프레시웨이
012800,대창
008110,대동전자
002290,삼일기업공사
140070,서플러스글로벌
049830,승일
196700,웹스
035720,카카오
014470,부방
214370,케어젠
387310,대신밸런스제10호스팩
330350,위더스제약
26490K,크라운제과우
004840,DRB동일
013000,세우글로벌
273060,와이즈버즈
093380,풍강
091340,S&K폴리텍
033640,네패스
226360,KH 건설
353190,휴럼
323990,박셀바이오
278280,천보
140290,청광건설
08537M,루트로닉3우C
095610,테스
348210,넥스틴
032280,삼일
009470,삼화전기
183490,엔지켐생명과학
004100,태양금속
065500,오리엔트정공
007660,이수페타시스
131180,딜리
104540,코렌텍
225590,패션플랫폼
073540,에프알텍
380320,삼성머스트스팩5호
051780,큐로홀딩스
007815,코리아써우
101160,월덱스
124560,태웅로직스
006200,한국전자홀딩스
266470,바이오인프라생명과학
048550,SM C&C
001750,한양증권
064480,브리지텍
026150,특수건설
396270,넥스트칩
328380,솔트웨어
064960,SNT모티브
008490,서흥
138490,코오롱플라스틱
277070,린드먼아시아
241590,화승엔터프라이즈
033200,모아텍
007810,코리아써키트
088130,동아엘텍
007390,네이처셀
079430,현대리바트
144960,뉴파워프라즈마
002020,코오롱
242350,피엔아이컴퍼니
034220,LG디스플레이
115480,씨유메디칼
064850,에프앤가이드
025820,이구산업
104480,티케이케미칼
248020,젬
099440,스맥
302430,이노메트리
038500,삼표시멘트
361570,알비더블유
066910,손오공
092070,디엔에프
268600,셀리버리
037370,EG
221800,유투바이오
158430,아톤
002920,유성기업
239340,줌인터넷
303030,지니틱스
083500,에프엔에스테크
311390,네오크레마
237820,플레이디
258830,세종메디칼
124500,아이티센
002710,TCC스틸
034940,조아제약
025550,한국선재
001540,안국약품
004440,삼일씨엔에스
041960,코미팜
003680,한성기업
202960,판도라티비
000227,유유제약2우B
067990,도이치모터스
006740,영풍제지
005745,크라운해태홀딩스우
089140,넥스턴바이오
000145,하이트진로홀딩스우
197140,디지캡
287410,제이시스메디칼
038460,바이오스마트
348950,제이알글로벌리츠
108675,LX하우시스우
002450,삼익악기
033230,인성정보
092190,서울바이오시스
048410,현대바이오
090460,비에이치
199800,툴젠
127710,아시아경제
001800,오리온홀딩스
022220,TKG애강
102460,이연제약
001390,KG케미칼
004720,팜젠사이언스
060370,KT서브마린
003530,한화투자증권
006220,제주은행
020150,일진머티리얼즈
011090,에넥스
333050,모코엠시스
153710,옵티팜
060560,홈센타홀딩스
307870,비투엔
071050,한국금융지주
044490,태웅
003535,한화투자증권우
225430,케이엠제약
014130,한익스프레스
176750,듀켐바이오
224060,더코디
000020,동화약품
353810,이지바이오
131370,알서포트
015590,큐로
033830,티비씨
290120,대유에이피
046440,KG모빌리언스
033270,유나이티드제약
039490,키움증권
214150,클래시스
071090,하이스틸
032750,삼진
340570,티앤엘
000087,하이트진로2우B
113810,디젠스
008350,남선알미늄
065680,우주일렉트로
121060,유니포인트
002800,신신제약
225570,넥슨게임즈
024840,KBI메탈
332370,아이디피
001465,BYC우
071950,코아스
000370,한화손해보험
214680,디알텍
002070,비비안
027580,상보
070300,엑스큐어
035080,그래디언트
121800,비덴트
37550K,DL이앤씨우
137400,피엔티
067900,와이엔텍
143540,영우디에스피
102280,쌍방울
084730,팅크웨어
003920,남양유업
120240,대정화금
007860,서연
056080,유진로봇
119860,다나와
048770,TPC
063170,서울옥션
071280,로체시스템즈
001795,대한제당우
034120,SBS
036630,세종텔레콤
323350,다원넥스뷰
236340,메디젠휴먼케어
065660,안트로젠
239890,피엔에이치테크
005180,빙그레
066130,하츠
081000,일진다이아
395400,SK리츠
036710,심텍홀딩스
067370,선바이오
085670,뉴프렉스
053620,태양
047080,한빛소프트
039030,이오테크닉스
348030,모비릭스
028300,HLB
026040,제이에스티나
082640,동양생명
011155,CJ씨푸드1우
119830,아이텍
222080,씨아이에스
425290,삼성스팩6호
173130,오파스넷
090150,아이윈
012620,원일특강
031330,에스에이엠티
366030,공구우먼
053580,웹케시
011300,성안
114190,강원에너지
119500,포메탈
009290,광동제약
244460,올리패스
143240,사람인에이치알
356890,싸이버원
080000,에스엔유
063080,컴투스홀딩스
208350,지란지교시큐리티
006800,미래에셋증권
037230,한국팩키지
33626L,두산퓨얼셀2우B
321550,티움바이오
044780,에이치케이
417500,제이아이테크
052260,현대바이오랜드
240810,원익IPS
019660,글로본
208640,썸에이지
042510,라온시큐어
169670,코스텍시스템
108490,로보티즈
232530,이엠티
006570,대림통상
039420,케이엘넷
261780,차백신연구소
377220,프롬바이오
057050,현대홈쇼핑
065770,CS
263690,디알젬
000320,노루홀딩스
110790,크리스에프앤씨
046970,우리로
034810,해성산업
105560,KB금융
019440,세아특수강
086450,동국제약
039980,리노스
093370,후성
294140,레몬
045300,성우테크론
041830,인바디
006090,사조오양
256840,한국비엔씨
389500,에스비비테크
206560,덱스터
026960,동서
068790,DMS
052860,아이앤씨
377630,삼성스팩4호
003800,에이스침대
092220,KEC
016610,DB금융투자
317530,캐리소프트
232140,와이아이케이
058400,KNN
052600,한네트
002680,한탑
185490,아이진
069460,대호에이엘
145020,휴젤
048470,대동스틸
372910,한컴라이프케어
074430,아미노로직스
051630,진양화학
020760,일진디스플
066310,큐에스아이
053450,세코닉스
017810,풀무원
263800,데이타솔루션
084680,이월드
237880,클리오
131970,두산테스나
064240,홈캐스트
301300,바이브컴퍼니
042040,케이피엠테크
073190,듀오백
089150,케이씨티
035810,이지홀딩스
263050,유틸렉스
070590,한솔인티큐브
089850,유비벨록스
126720,수산인더스트리
441270,파인엠텍
000220,유유제약
011420,갤럭시아에스엠
003925,남양유업우
066970,엘앤에프
024090,디씨엠
043100,솔고바이오
215600,신라젠
066430,와이오엠
049180,셀루메드
004090,한국석유
006730,서부T&D
085910,네오티스
400760,NH올원리츠
004450,삼화왕관
084670,동양고속
078160,메디포스트
000885,한화우
084690,대상홀딩스
023410,유진기업
003300,한일홀딩스
052400,코나아이
148250,알엔투테크놀로지
068330,일신바이오
064290,인텍플러스
033050,제이엠아이
203650,드림시큐리티
004590,한국가구
250060,모비스
067000,조이시티
058730,다스코
002990,금호건설
000180,성창기업지주
039290,인포뱅크
004560,현대비앤지스틸
048910,대원미디어
290550,디케이티
123840,한일진공
001120,LX인터내셔널
019570,리더스 기술투자
000120,CJ대한통운
043370,피에이치에이
305090,마이크로디지탈
066700,테라젠이텍스
032350,롯데관광개발
059270,해성티피씨
003410,쌍용C&E
359090,씨엔알리서치
277410,인산가
028100,동아지질
090350,노루페인트
054670,대한뉴팜
024120,KB오토시스
035200,프럼파스트
344860,이노진
333620,엔시스
302550,리메드
383220,F&F
336260,두산퓨얼셀
061970,엘비세미콘
254120,자비스
037030,파워넷
282690,동아타이어
008770,호텔신라
078860,아이오케이
317240,TS트릴리온
007110,일신석재
061250,화일약품
161390,한국타이어앤테크놀로지
149980,하이로닉
195500,마니커에프앤지
094940,푸른기술
350520,이지스레지던스리츠
078350,한양디지텍
001000,신라섬유
142210,유니트론텍
211050,인카금융서비스
103840,우양
024880,케이피에프
174900,앱클론
032800,판타지오
005160,동국산업
200780,비씨월드제약
005870,휴니드
308080,바이젠셀
168360,펨트론
001067,JW중외제약2우B
054950,제이브이엠
045970,코아시아
008830,대동기어
265520,AP시스템
079650,서산
214270,FSN
065150,엠피대산
025980,아난티
245620,EDGC
095340,ISC
030190,NICE평가정보
002630,오리엔트바이오
044450,KSS해운
002230,피에스텍
023770,플레이위드
016360,삼성증권
068400,SK렌터카
342550,케이비제20호스팩
039840,디오
348370,엔켐
198440,고려시멘트
115960,연우
284740,쿠쿠홈시스
377330,이지트로닉스
101930,인화정공
170790,파이오링크
012610,경인양행
030610,교보증권
010600,웰바이오텍
033290,코웰패션
039740,한국정보공학
002390,한독
109820,진매트릭스
239610,에이치엘사이언스
242040,나무기술
009270,신원
251970,펌텍코리아
000850,화천기공
277880,티에스아이
134790,시디즈
012205,계양전기우
081660,휠라홀딩스
123570,이엠넷
369370,블리츠웨이
016100,리더스코스메틱
068760,셀트리온제약
004255,NPC우
014825,동원시스템즈우
063160,종근당바이오
093920,서원인텍
338100,NH프라임리츠
065650,메디프론
042520,한스바이오메드
079000,와토스코리아
002100,경농
065060,지엔코
005380,현대차
093230,이아이디
038870,에코바이오
031510,오스템
001500,현대차증권
066790,씨씨에스
042500,링네트
117670,알파홀딩스
053280,예스24
200580,메디쎄이
006390,한일현대시멘트
041190,우리기술투자
057030,YBM넷
060260,뉴보텍
122900,아이마켓코리아
065450,빅텍
096630,에스코넥
220100,퓨쳐켐
33626K,두산퓨얼셀1우
001230,동국제강
347740,피엔케이피부임상연구센타
182360,큐브엔터
115500,케이씨에스
001200,유진투자증권
058610,에스피지
049770,동원F&B
184230,SGA솔루션즈
004920,씨아이테크
030520,한글과컴퓨터
004430,송원산업
006660,삼성공조
317120,라닉스
012860,모베이스전자
246690,TS인베스트먼트
068270,셀트리온
040910,아이씨디
056090,이노시스
368770,파이버프로
399720,가온칩스
299660,셀리드
187660,에이디엠코리아
011040,경동제약
014285,금강공업우
009420,한올바이오파마
013890,지누스
330590,롯데리츠
089890,코세스
220180,핸디소프트
193250,와이제이엠게임즈
073560,우리손에프앤지
032940,원익
036690,코맥스
092870,엑시콘
036580,팜스코
008060,대덕
192250,케이사인
317830,에스피시스템스
027410,BGF
119650,KC코트렐
361610,SK아이이테크놀로지
033160,엠케이전자
041460,한국전자인증
090850,현대이지웰
079980,휴비스
003495,대한항공우
009620,삼보산업
005670,푸드웰
006060,화승인더
094970,제이엠티
036000,예림당
046890,서울반도체
373340,유진스팩6호
123420,위메이드플레이
138610,나이벡
006620,동구바이오제약
123750,알톤스포츠
071055,한국금융지주우
003240,태광산업
432320,KB스타리츠
030720,동원수산
225220,제놀루션
045340,토탈소프트
330860,네패스아크
011790,SKC
137080,나래나노텍
088980,맥쿼리인프라
217500,러셀
016710,대성홀딩스
312610,에이에프더블류
214260,라파스
084695,대상홀딩스우
298060,에스씨엠생명과학
105330,케이엔더블유
250000,보라티알
300120,라온피플
041910,에스텍파마
357120,코람코에너지리츠
120110,코오롱인더
048430,유라테크
237690,에스티팜
077360,덕산하이메탈
004540,깨끗한나라
002820,SUN&L
036010,아비코전자
272210,한화시스템
053950,경남제약
014915,성문전자우
042600,새로닉스
071850,캐스텍코리아
131090,시큐브
001550,조비
078340,컴투스
050890,쏠리드
036800,나이스정보통신
005440,현대그린푸드
039570,HDC랩스
032300,한국파마
025750,한솔홈데코
050860,아세아텍
241560,두산밥캣
082800,비보존 제약
164060,이루다
294570,쿠콘
315640,딥노이드
417840,저스템
081580,성우전자
900270,헝셩그룹
006980,우성
052330,코텍
079950,인베니아
012510,더존비즈온
102940,코오롱생명과학
041520,이라이콤
950110,SBI핀테크솔루션즈
093050,LF
121600,나노신소재
003475,유안타증권우
298380,에이비엘바이오
053690,한미글로벌
085620,미래에셋생명
047560,이스트소프트
054410,케이피티유
039340,한국경제TV
238120,얼라인드
267850,아시아나IDT
251630,브이원텍
016880,웅진
035150,백산
002220,한일철강
005710,대원산업
010660,화천기계
024800,유성티엔에스
138080,오이솔루션
010100,한국프랜지
010820,퍼스텍
219420,링크제니시스
007160,사조산업
234080,JW생명과학
281820,케이씨텍
225530,보광산업
271940,일진하이솔루스
083310,엘오티베큠
006345,대원전선우
207490,에이펙스인텍
195940,HK이노엔
019180,티에이치엔
332290,누보
317330,덕산테코피아
090710,휴림로봇
139480,이마트
035290,골드앤에스
004170,신세계
014570,고려제약
357230,에이치피오
004020,현대제철
083640,인콘
033920,무학
100250,진양홀딩스
336060,웨이버스
032580,피델릭스
276730,제주맥주
000520,삼일제약
049120,파인디앤씨
033170,시그네틱스
011210,현대위아
001040,CJ
185190,수프로
011330,유니켐
000860,강남제비스코
226950,올릭스
024910,경창산업
013990,아가방컴퍼니
003310,대주산업
000650,천일고속
060850,영림원소프트랩
129260,인터지스
084010,대한제강
005250,녹십자홀딩스
204840,지엘팜텍
005945,NH투자증권우
089970,에이피티씨
092600,앤씨앤
008290,원풍물산
038880,아이에이
396300,세아메카닉스
037460,삼지전자
226340,본느
044060,조광ILI
023450,동남합성
291650,압타머사이언스
230980,에이트원
049080,기가레인
247540,에코프로비엠
304840,피플바이오
071460,위니아
003547,대신증권2우B
060590,씨티씨바이오
335810,프리시젼바이오
015860,일진홀딩스
002030,아세아
083550,케이엠
006880,신송홀딩스
082210,옵트론텍
142760,비엘
241690,유니테크노
049800,우진플라임
201490,미투온
036540,SFA반도체
096300,베트남개발1
015020,이스타코
100590,머큐리
047770,코데즈컴바인
215480,토박스코리아
078890,가온미디어
040610,SG&G
051160,지어소프트
065130,탑엔지니어링
086710,선진뷰티사이언스
069330,유아이디
039440,에스티아이
246710,티앤알바이오팹
215790,이노인스트루먼트
033130,디지틀조선
138580,비즈니스온
052460,아이크래프트
001130,대한제분
189300,인텔리안테크
224020,에스케이씨에스
091990,셀트리온헬스케어
293780,압타바이오
086520,에코프로
096870,엘디티
237750,피앤씨테크
173940,에프엔씨엔터
244880,나눔테크
037710,광주신세계
950190,미투젠
205100,엑셈
000075,삼양홀딩스우
038530,골드퍼시픽
127120,디엔에이링크
001275,부국증권우
002380,KCC
021050,서원
017510,세명전기
099390,브레인즈컴퍼니
084110,휴온스글로벌
229000,젠큐릭스
317850,대모
005680,삼영전자
204320,HL만도
084440,유비온
032850,비트컴퓨터
001270,부국증권
192650,드림텍
080220,제주반도체
021880,메이슨캐피탈
290270,휴네시온
006805,미래에셋증권우
039010,현대에이치티
020710,시공테크
036030,케이티알파
014190,원익큐브
37550L,DL이앤씨2우(전환)
001060,JW중외제약
075970,동국알앤에스
043610,지니뮤직
003540,대신증권
300080,플리토
031980,피에스케이홀딩스
004770,써니전자
001820,삼화콘덴서
051600,한전KPS
053300,한국정보인증
007310,오뚜기
288620,에스퓨얼셀
054050,농우바이오
002690,동일제강
064820,케이프
118000,초록뱀헬스케어
017670,SK텔레콤
406760,하나금융21호스팩
120115,코오롱인더우
220260,켐트로스
073240,금호타이어
005030,부산주공
099430,바이오플러스
206640,바디텍메드
128660,피제이메탈
004250,NPC
252990,샘씨엔에스
027050,코리아나
258250,셀젠텍
318410,비비씨
114630,폴라리스우노
900310,컬러레이
008040,사조동아원
950210,프레스티지바이오파마
28513K,SK케미칼우
012690,모나리자
000157,두산2우B
086890,이수앱지스
080520,오디텍
293580,나우IB
011070,LG이노텍
052300,초록뱀컴퍼니
000910,유니온
054630,에이디칩스
078935,GS우
094360,칩스앤미디어
013870,지엠비코리아
247660,나노씨엠에스
008930,한미사이언스
131290,티에스이
084650,랩지노믹스
105840,우진
045520,크린앤사이언스
064800,젬백스링크
383800,LX홀딩스
100120,뷰웍스
339770,교촌에프앤비
028080,휴맥스홀딩스
071200,인피니트헬스케어
078140,대봉엘에스
008970,동양철관
003850,보령
001520,동양
104830,원익머트리얼즈
136490,선진
004870,티웨이홀딩스
101530,해태제과식품
178920,PI첨단소재
388720,유일로보틱스
069260,TKG휴켐스
950160,코오롱티슈진
367000,플래티어
035460,기산텔레콤
178320,서진시스템
189330,씨이랩
025900,동화기업
267320,나인테크
032620,유비케어
337840,유엑스엔
032500,케이엠더블유
001790,대한제당
232680,라온테크
009320,대우부품
228850,레이언스
044340,위닉스
003670,포스코케미칼
004410,서울식품
001630,종근당홀딩스
045390,대아티아이
065370,위세아이텍
097230,HJ중공업
092460,한라IMS
120030,조선선재
382900,범한퓨얼셀
136410,아셈스
133750,메가엠디
208140,정다운
354200,엔젠바이오
006890,태경케미컬
224110,에이텍티앤
296640,이노룰스
066590,우수AMS
025440,대성엘텍
051360,토비스
001360,삼성제약
053800,안랩
139130,DGB금융지주
041930,동아화성
059210,메타바이오메드
037400,우리엔터프라이즈
002840,미원상사
109610,에스와이
100790,미래에셋벤처투자
334890,이지스밸류리츠
33637L,솔루스첨단소재2우B
117580,대성에너지
001340,백광산업
353200,대덕전자
090410,덕신하우징
089980,상아프론테크
241770,메카로
343090,HLB사이언스
086060,진바이오텍
094840,슈프리마에이치큐
006920,모헨즈
218150,미래생명자원
307280,원바이오젠
042110,에스씨디
192390,윈하이텍
135160,무송지오씨
021080,에이티넘인베스트
072990,에이치시티
035610,솔본
289080,SV인베스트먼트
235980,메드팩토
310870,디와이씨
017800,현대엘리베이
049070,인탑스
089230,THE E&M
072950,빛샘전자
332570,와이팜
005940,NH투자증권
029460,케이씨
161000,애경케미칼
024810,이화전기
023910,대한약품
323280,태성
352940,인바이오
053050,지에스이
115440,우리넷
222810,세토피아
108380,대양전기공업
060310,3S
00781K,코리아써키트2우B
097870,효성오앤비
317870,엔바이오니아
001045,CJ우
012160,영흥
017480,삼현철강
023760,한국캐피탈
079810,디이엔티
011500,한농화성
053980,오상자이엘
108320,LX세미콘
014100,메디앙스
008700,아남전자
317690,퀀타매트릭스
170030,현대공업
036930,주성엔지니어링
020560,아시아나항공
038070,서린바이오
151910,SBW생명과학
320000,윈텍
341170,퓨쳐메디신
307930,컴퍼니케이
006120,SK디스커버리
155660,DSR
136540,윈스
011930,신성이엔지
267250,HD현대
002700,신일전자
000680,LS네트웍스
160980,싸이맥스
001020,페이퍼코리아
038680,에스넷
241820,피씨엘
016380,KG스틸
352910,오비고
243840,신흥에스이씨
316140,우리금융지주
084870,TBH글로벌
099410,동방선기
389470,인벤티지랩
100030,인지소프트
032560,황금에스티
002810,삼영무역
003120,일성신약
140670,알에스오토메이션
109080,옵티시스
060240,룽투코리아
121440,골프존뉴딘홀딩스
058860,KTis
044960,이글벳
005389,현대차3우B
007690,국도화학
228670,레이
000080,하이트진로
087260,모바일어플라이언스
052900,KX하이텍
214180,헥토이노베이션
101000,상상인인더스트리
101400,엔시트론
038290,마크로젠
372800,아이티아이즈
092300,현우산업
900260,로스웰
001420,태원물산
043220,티에스넥스젠
013700,까뮤이앤씨
191420,테고사이언스
142280,녹십자엠에스
265740,엔에프씨
049470,SGA
036640,HRS
004060,SG세계물산
069410,엔텔스
094820,일진파워
189980,흥국에프엔비
063570,한국전자금융
140910,에이리츠
043650,국순당
003545,대신증권우
266870,파워풀엑스
000210,DL
419120,산돌
234100,폴라리스세원
060250,NHN한국사이버결제
088790,진도
023590,다우기술
192440,슈피겐코리아
014970,삼륭물산
025770,한국정보통신
054620,APS홀딩스
002350,넥센타이어
030530,원익홀딩스
001560,제일연마
026910,광진실업
307750,국전약품
089530,에이티세미콘
052670,제일바이오
123410,코리아에프티
102120,어보브반도체
060380,동양에스텍
400560,하나금융20호스팩
034950,한국기업평가
094280,효성ITX
264900,크라운제과
196450,코아시아옵틱스
050110,캠시스
016600,큐캐피탈
011700,한신기계
060280,큐렉소
198080,엔피디
024740,한일단조
222980,한국맥널티
009160,SIMPAC
321820,와이더플래닛
110990,디아이티
067170,오텍
290690,소룩스
262840,아이퀘스트
018120,진로발효
138930,BNK금융지주
194370,제이에스코퍼레이션
080010,이상네트웍스
376290,씨유테크
032820,우리기술
010955,S-Oil우
010040,한국내화
089790,제이티
153460,네이블
900140,엘브이엠씨홀딩스
001460,BYC
093190,빅솔론
002760,보락
306200,세아제강
066900,디에이피
217730,강스템바이오텍
064760,티씨케이
024950,삼천리자전거
187870,디바이스이엔지
114810,한솔아이원스
052690,한전기술
241790,오션브릿지
340360,다보링크
004270,남성
055550,신한지주
347700,라이프시맨틱스
013720,CBI
045100,한양이엔지
365340,성일하이텍
080470,성창오토텍
145270,케이탑리츠
000400,롯데손해보험
137940,넥스트아이
218410,RFHIC
078070,유비쿼스홀딩스
377460,위니아에이드
131030,옵투스제약
058110,멕아이씨에스
130660,한전산업
005930,삼성전자
105630,한세실업
039860,나노엔텍
177830,파버나인
009300,삼아제약
009440,KC그린홀딩스
001685,대상우
033560,블루콤
115310,인포바인
050090,비케이홀딩스
317770,슈프리마아이디
192080,더블유게임즈
023150,MH에탄올
048870,시너지이노베이션
029780,삼성카드
019540,일지테크
003000,부광약품
131100,초록뱀이앤엠
096040,이트론
025870,신라에스지
005360,모나미
143160,아이디스
214450,파마리서치
009680,모토닉
270660,에브리봇
080420,모다이노칩
031440,신세계푸드
256150,한독크린텍
087010,펩트론
147830,제룡산업
038110,에코플라스틱
054780,키이스트
126640,화신정공
114090,GKL
003550,LG
101670,하이드로리튬
050120,ES큐브
031820,콤텍시스템
251120,바이오에프디엔씨
068240,다원시스
005500,삼진제약
377190,디앤디플랫폼리츠
004700,조광피혁
005610,SPC삼립
009900,명신산업
011000,진원생명과학
009730,코센
051390,YW
289010,아이스크림에듀
053350,이니텍
043340,에쎈테크
950140,잉글우드랩
040160,누리플렉스
260870,SK시그넷
022100,포스코 ICT
278650,노터스
000430,대원강업
005305,롯데칠성우
028670,팬오션
018000,유니슨
073010,케이에스피
013310,아진산업
376190,엘비루셈
088260,이리츠코크렙
036830,솔브레인홀딩스
005860,한일사료
217330,싸이토젠
098660,에스티오
005935,삼성전자우
035620,바른손이앤에이
092730,네오팜
037950,엘컴텍
009240,한샘
048830,엔피케이
404990,신한서부티엔디리츠
040350,큐로컴
010060,OCI
004890,동일산업
111770,영원무역
299170,더블유에스아이
046140,SBS콘텐츠허브
012340,뉴인텍
086040,바이오톡스텍
116100,태양기계
027710,팜스토리
115610,이미지스
060480,국일신동
100220,비상교육
415580,상상인제3호스팩
006140,피제이전자
010050,우리종금
196490,디에이테크놀로지
200470,에이팩트
435380,유안타제10호스팩
243070,휴온스
069960,현대백화점
421800,교보12호스팩
439730,IBKS제20호스팩
353070,에이치엠씨제4호스팩
347890,엠투아이
192410,휴림네트웍스
418170,하나금융22호스팩
005490,POSCO홀딩스
412930,미래에셋비전스팩1호
091090,세원이앤씨
103140,풍산
098120,마이크로컨텍솔
180640,한진칼
027040,서울전자통신
003555,LG우
000140,하이트진로홀딩스
302440,SK바이오사이언스
014680,한솔케미칼
214390,경보제약
003570,SNT중공업
010240,흥국
331520,밸로프
044820,코스맥스비티아이
199820,제일전기공업
064350,현대로템
089030,테크윙
215100,로보로보
230240,에치에프알
001680,대상
195870,해성디에스
072710,농심홀딩스
065510,휴비츠
036480,대성미생물
134380,미원화학
141000,비아트론
005880,대한해운
010950,S-Oil
004370,농심
099190,아이센스
104700,한국철강
039560,다산네트웍스
223250,드림씨아이에스
000050,경방
011080,형지I&C
051370,인터플렉스
007370,진양제약
003230,삼양식품
033500,동성화인텍
059120,아진엑스텍
009155,삼성전기우
036170,클라우드에어
004910,조광페인트
900120,씨케이에이치
015710,코콤
200880,서연이화
058850,KTcs
200230,텔콘RF제약
357250,미래에셋맵스리츠
072020,중앙백신
435620,하나금융25호스팩
003460,유화증권
289220,자이언트스텝
007540,샘표
052710,아모텍
38380K,LX홀딩스1우
365270,큐라클
290650,엘앤씨바이오
357430,마스턴프리미어리츠
019550,SBI인베스트먼트
085310,엔케이
008260,NI스틸
002880,대유에이텍
322180,티라유텍
033250,체시스
217270,넵튠
264660,씨앤지하이테크
095910,에스에너지
371950,풍원정밀
067390,아스트
033310,엠투엔
181710,NHN
034310,NICE
179900,유티아이
314140,알피바이오
006340,대원전선
215200,메가스터디교육
318010,팜스빌
255220,SG
389140,포바이포
190650,코리아에셋투자증권
002795,아모레G우
003960,사조대림
126560,현대퓨처넷
009830,한화솔루션
00680K,미래에셋증권2우B
038950,파인디지털
058970,엠로
041920,메디아나
008250,이건산업
004830,덕성
009770,삼정펄프
226400,오스테오닉
047310,파워로직스
264850,이랜시스
017390,서울가스
365550,ESR켄달스퀘어리츠
017180,명문제약
075130,플랜티넷
290090,트윔
054180,메디콕스
274090,켄코아에어로스페이스
011150,CJ씨푸드
097800,윈팩
092200,디아이씨
092230,KPX홀딩스
039610,화성밸브
353590,오토앤
004710,한솔테크닉스
023000,삼원강재
002140,고려산업
036190,금화피에스시
080720,한국유니온제약
027830,대성창투
222110,팬젠
100700,세운메디칼
187420,제노포커스
000880,한화
200710,에이디테크놀로지
002200,한국수출포장
043200,파루
079960,동양이엔피
170900,동아에스티
025860,남해화학
298540,더네이쳐홀딩스
009180,한솔로지스틱스
307180,아이엘사이언스
262260,에이프로
083930,아바코
260660,알리코제약
005300,롯데칠성
204020,그리티
000590,CS홀딩스
215360,우리산업
117730,티로보틱스
368970,오에스피
005830,DB손해보험
322310,오로스테크놀로지
084850,아이티엠반도체
024720,한국콜마홀딩스
001780,알루코
004310,현대약품
007590,동방아그로
053080,원방테크
205470,휴마시스
065950,웰크론
352700,씨앤투스성진
071970,STX중공업
015360,예스코홀딩스
000890,보해양조
043360,디지아이
347770,핌스
215380,우정바이오
039240,경남스틸
001440,대한전선
082850,우리바이오
294090,이오플로우
260970,에스앤디
281740,레이크머티리얼즈
036460,한국가스공사
001510,SK증권
054300,팬스타엔터프라이즈
338220,뷰노
073640,테라사이언스
034230,파라다이스
016920,카스
00104K,CJ4우(전환)
092130,이크레더블
016580,환인제약
322510,제이엘케이
217480,에스디생명공학
037330,인지디스플레
290380,대유
040420,정상제이엘에스
000215,DL우
008500,일정실업
373200,하인크코리아
037760,쎄니트
163560,동일고무벨트
005725,넥센우
067290,JW신약
003650,미창석유
035420,NAVER
104040,대성파인텍
083650,비에이치아이
065710,서호전기
333430,일승
122310,제노레이
042660,대우조선해양
063760,이엘피
038390,레드캡투어
008600,윌비스
245450,씨앤에스링크
214430,아이쓰리시스템
413630,유진스팩8호
435870,에스케이증권제8호스팩
409570,한국제10호스팩
377400,하이제6호스팩
436530,케이비제22호스팩
437780,엔에이치스팩24호
367360,DB금융스팩9호
313760,윌링스
440790,교보13호스팩
343510,하나금융16호스팩
433530,키움제7호스팩
419270,신영스팩7호
339950,아이비김영
090360,로보스타
322970,무진메디
246960,이노테라피
007280,한국특강
111110,호전실업
000720,현대건설
018310,삼목에스폼
012700,리드코프
222670,플럼라인생명과학
012330,현대모비스
019010,베뉴지
438580,엔에이치스팩25호
038620,위즈코프
002720,국제약품
053290,NE능률
128820,대성산업
145720,덴티움
394280,오픈엣지테크놀로지
006380,카프로
018880,한온시스템
102260,동성케미컬
004780,대륙제관
294630,서남
012280,영화금속
194480,데브시스터즈
096690,에이루트
000440,중앙에너비스
286940,롯데정보통신
003490,대한항공
065690,파커스
028050,삼성엔지니어링
204620,글로벌텍스프리
093320,케이아이엔엑스
010140,삼성중공업
136480,하림
321260,프로이천
011230,삼화전자
011320,유니크
024900,덕양산업
126600,코프라
025880,케이씨피드
000105,유한양행우
000100,유한양행
001725,신영증권우
016800,퍼시스
175140,인포마크
060570,드림어스컴퍼니
115530,씨엔플러스
055490,테이팩스
001450,현대해상
015750,성우하이텍
009780,엠에스씨
025320,시노펙스
007530,영신금속
171010,램테크놀러지
130740,티피씨글로벌
308100,까스텔바작
277810,레인보우로보틱스
189860,서전기전
222800,심텍
293940,신한알파리츠
248170,샘표식품
189690,포시에스
019210,와이지-원
100660,서암기계공업
129890,앱코
068930,디지털대성
045060,오공
083790,크리스탈지노믹스
092440,기신정기
110020,전진바이오팜
073110,엘엠에스
014440,영보화학
052220,iMBC
402340,SK스퀘어
004800,효성
161580,필옵틱스
082740,HSD엔진
000480,조선내화
014530,극동유화
006910,보성파워텍
094800,맵스리얼티1
352770,클리노믹스
175330,JB금융지주
187220,디티앤씨
038010,제일테크노스
361670,삼영에스앤씨
016590,신대양제지
005720,넥센
126340,비나텍
139670,키네마스터
148780,비플라이소프트
002410,범양건영
123040,엠에스오토텍
010690,화신
009580,무림P&P
219550,디와이디
066575,LG전자우
067730,로지시스
150900,파수
282880,코윈테크
215050,비엔디생활건강
003060,에이프로젠제약
223310,커머스마이너
267060,명진홀딩스
107590,미원홀딩스
121890,에스디시스템
058420,제이웨이
023900,풍국주정
000270,기아
393210,토마토시스템
150840,인트로메딕
271850,다이오진
001250,GS글로벌
285770,라이프사이언스테크놀로지
038060,루멘스
180400,디엑스앤브이엑스
021045,대호특수강우
169330,엠브레인
131220,대한과학
056000,코원플레이
065570,삼영이엔씨
033340,좋은사람들
096760,JW홀딩스
036200,유니셈
140660,위월드
096640,멜파스
050540,엠피씨플러스
057880,피에이치씨
034020,두산에너빌리티
017890,한국알콜
221980,케이디켐
318020,포인트모바일
267810,앙츠
020180,대신정보통신
015260,에이엔피
035510,신세계 I&C
024110,기업은행
018620,우진비앤지
208890,미래엔에듀파트너
024830,세원물산
003200,일신방직
015540,쎌마테라퓨틱스
030200,KT
405350,IBKS제17호스팩
329180,현대중공업
007610,선도전기
263920,휴엠앤씨
001070,대한방직
131760,파인텍
413600,키움제6호스팩
079160,CJ CGV
272550,삼양패키징
122830,원포유
030790,비케이탑스
103660,씨앗
003620,쌍용차
006280,녹십자
103230,에스앤더블류
439250,삼성스팩7호
097520,엠씨넥스
278990,EMB
331660,한국미라클피플사
038340,UCI
275630,에스에스알
078650,지나인제약
017960,한국카본
073570,WI
067310,하나마이크론
091700,파트론
430230,하나금융24호스팩
210980,SK디앤디
422040,엔에이치스팩23호
299030,하나기술
033790,스카이문스테크놀로지
396770,엔에이치스팩22호
002355,넥센타이어1우B
281310,바이오시네틱스
001720,신영증권
005850,에스엘
067770,세진티에스
148140,비디아이
299910,베스파
208860,엔지스테크널러지
064510,유네코
322000,현대에너지솔루션
114120,크루셜텍
379390,이성씨엔아이
058530,파나케이아
019490,하이트론
025620,제이준코스메틱
003070,코오롱글로벌
074600,원익QnC
138690,엘아이에스
402420,켈스
344820,KCC글라스
363280,티와이홀딩스
290510,코리아센터
101490,에스앤에스텍
030960,양지사
006405,삼성SDI우
388220,하나금융19호스팩
950130,엑세스바이오
106240,파인테크닉스
003610,방림
213500,한솔제지
058220,아리온
021040,대호특수강
004985,성신양회우
353490,미래에셋대우스팩 5호
219750,지티지웰니스
012600,센트럴인사이트
091970,나노캠텍
054210,이랜텍
150440,피노텍
079370,제우스
366330,신한제7호스팩
078590,디아크
013030,하이록코리아
095720,웅진씽크빅
405640,신한제9호스팩
424760,IBKS제18호스팩
397880,교보11호스팩
005810,풍산홀딩스
252500,세화피앤씨
002870,신풍
136510,스마트솔루션즈
017940,E1
430220,신영스팩8호
307950,현대오토에버
389260,대명에너지
149300,아퓨어스
367480,유안타제8호스팩
311060,엘에이티
367460,유안타제7호스팩
355150,교보10호스팩
181340,이즈미디어
151860,KG ETS
191600,블루탑
426670,대신밸런스제12호스팩
101680,한국정밀기계
083660,CSA 코스믹
199150,데이터스트림즈
003220,대원제약
052770,아이톡시
440200,케이비제23호스팩
101390,아이엠
119610,인터로조
900070,글로벌에스엠
008470,부스타
141020,디에스앤엘
032960,동일기연
329020,오션스톤
146320,비씨엔씨
303530,이노뎁
109070,컨버즈
023810,인팩
065560,녹원씨엔아이
006580,대양제지
211270,AP위성
069540,라이트론
263540,어스앤에어로스페이스
078000,텔코웨어
417970,모델솔루션
382800,지앤비에스엔지니어링
079940,가비아
094860,네오리진
002360,SH에너지화학
017040,광명전기
004650,창해에탄올
148930,에이치와이티씨
159580,제로투세븐
253590,네오셈
004080,신흥
004150,한솔홀딩스
114450,KPX생명과학
000300,대유플러스
069110,코스온
053270,구영테크
002170,삼양통상
259630,엠플러스
138360,협진
238090,앤디포스
222420,쎄노텍
032860,휴먼엔
001620,케이비아이동국실업
005750,대림B&Co
238490,힘스
380440,엔에이치스팩19호
168490,한국패러랠
214610,미코바이오메드
002620,제일파마홀딩스
253840,수젠텍
227840,현대코퍼레이션홀딩스
155650,와이엠씨
010770,평화홀딩스
160600,이큐셀
031860,엔에스엔
008870,금비
099750,이지케어텍
099520,ITX-AI
306620,네온테크
000970,한국주철관
089470,HDC현대EP
043260,성호전자
130500,GH신소재
052420,오성첨단소재
027740,마니커
004970,신라교역
072870,메가스터디
008420,문배철강
021820,세원정공
229500,노브메타파마
007820,에스엠코어
023960,에쓰씨엔지니어링
000700,유수홀딩스
257370,명성티엔에스
226440,한송네오텍
075180,새론오토모티브
066620,국보디자인
101330,모베이스
049960,쎌바이오텍
284620,카이노스메드
106080,하이소닉
096775,SK이노베이션우
044990,에이치엔에스하이텍
153490,우리이앤엘
094170,동운아나텍
256630,포인트엔지니어링
084180,EV수성
178780,유테크
217600,켐온
377450,리파인
023600,삼보판지
000950,전방
215090,휴센텍
123690,한국화장품
066670,디스플레이텍
090370,메타랩스
043910,자연과환경
269620,시스웍
054920,한컴위드
056730,CNT85
078150,HB테크놀러지
265560,영화테크
024890,대원화성
383930,디티앤씨알오
027970,세하
041590,플래스크
159910,스킨앤스킨
227100,에이치앤비디자인
012200,계양전기
225190,삼양옵틱스
065170,비엘팜텍
330730,스톤브릿지벤처스
090435,아모레퍼시픽우
279060,이노벡스
060150,인선이엔티
017650,대림제지
005387,현대차2우B
012030,DB
023530,롯데쇼핑
104460,디와이피엔에프
053210,스카이라이프
081150,티플랙스
171120,라이온켐텍
042670,현대두산인프라코어
137950,제이씨케미칼
004690,삼천리
130580,나이스디앤비
205500,액션스퀘어
060230,소니드
162120,루켄테크놀러지스
026940,부국철강
009835,한화솔루션우
003560,IHQ
143210,핸즈코퍼레이션
036180,지더블유바이텍
298020,효성티앤씨
154030,아시아종묘
001065,JW중외제약우
405100,큐알티
168330,내츄럴엔도텍
083470,이엠앤아이
005740,크라운해태홀딩스
950200,소마젠
043150,바텍
000540,흥국화재
012750,에스원
095570,AJ네트웍스
010170,대한광통신
155900,바다로19호
089860,롯데렌탈
001810,무림SP
062970,피피아이
067920,이글루
233250,메디안디노스틱
009200,무림페이퍼
018290,브이티지엠피
234920,자이글
217950,파마리서치바이오
088910,동우팜투테이블
039310,세중
100130,동국S&C
260930,씨티케이
009140,경인전자
106520,노블엠앤비
076610,해성옵틱스
065530,와이어블
031310,아이즈비전
238170,엔에스엠
244920,에이플러스에셋
025000,KPX케미칼
156100,엘앤케이바이오
33637K,솔루스첨단소재1우
236200,슈프리마
016090,대현
105550,트루윈
032790,BNGT
071670,에이테크솔루션
041440,현대에버다임
100090,삼강엠앤티
060540,에스에이티
039830,오로라
015760,한국전력
290720,푸드나무
018470,조일알미늄
003690,코리안리
386580,한화플러스제2호스팩
099220,SDN
436610,한국제11호스팩
391060,엔에이치스팩20호
426550,IBKS제19호스팩
372290,하나머스트7호스팩
430700,유안타제9호스팩
438220,대신밸런스제13호스팩
393360,신한제8호스팩
023350,한국종합기술
067570,엔브이에이치코리아
351340,IBKS제13호스팩
353060,에이치엠씨제5호스팩
039020,이건홀딩스
109960,에이프로젠 H&G
019685,대교우B
179530,애드바이오텍
204610,티쓰리
03473K,SK우
067010,이씨에스
248070,솔루엠
405000,플라즈맵
072770,율호
010780,아이에스동서
107600,새빗켐
005090,SGC에너지
263810,상신전자
029530,신도리코
097955,CJ제일제당 우
336040,타스컴
139050,시티랩스
000815,삼성화재우
042370,비츠로테크
069080,웹젠
112190,KC산업
388050,지투파워
024850,피에스엠씨
011785,금호석유우
093240,형지엘리트
086670,비엠티
125210,아모그린텍
036670,KCI
003100,선광
007120,미래아이앤지
035000,지투알
268280,미원에스씨
090470,제이스텍
014620,성광벤드
087600,픽셀플러스
207940,삼성바이오로직스
285130,SK케미칼
047400,유니온머티리얼
036560,영풍정밀
049630,재영솔루텍
089600,나스미디어
373220,LG에너지솔루션
023800,인지컨트롤스
311690,CJ 바이오사이언스
000660,SK하이닉스
069730,DSR제강
230360,에코마케팅
261200,덴티스
206400,베노홀딩스
051905,LG생활건강우
019680,대교
068290,삼성출판사
043590,크로바하이텍
187270,신화콘텍
003470,유안타증권
042700,한미반도체
196300,애니젠
376980,원티드랩
128940,한미약품
393890,더블유씨피
004380,삼익THK
002900,TYM
018260,삼성에스디에스
078520,에이블씨엔씨
010470,오리콤
014820,동원시스템즈
280360,롯데제과
319400,현대무벡스
234300,에스트래픽
002960,한국쉘석유
006400,삼성SDI
036090,위지트
327260,RF머트리얼즈
028260,삼성물산
014710,사조씨푸드
341310,이앤에치
004490,세방전지
032640,LG유플러스
005390,신성통상
347000,센코
347860,알체라
234340,헥토파이낸셜
019590,엠벤처투자
086820,바이오솔루션
101240,씨큐브
123860,아나패스
006040,동원산업
121850,코이즈
083450,GST
228760,지노믹트리
365900,브이씨
170920,엘티씨
02826K,삼성물산우B
100840,SNT에너지
122350,삼기
018500,동원금속
007770,한일화학
066360,체리부로
446070,유니드비티플러스
054090,삼진엘앤디
375500,DL이앤씨
010130,고려아연
140520,대창스틸
040300,YTN
049950,미래컴퍼니
241710,코스메카코리아
176590,코나솔
349720,이베스트스팩5호
388800,유진스팩7호
065350,신성델타테크
214330,금호에이치티
005690,파미셀
208710,바이오로그디바이스
418210,신한제10호스팩
335870,윙스풋
073490,이노와이어리스
001210,금호전기
367340,DB금융스팩8호
427950,하나금융23호스팩
080580,오킨스전자
404950,DB금융스팩10호
400840,하이제7호스팩
006125,SK디스커버리우
314930,바이오다인
002600,조흥
900110,이스트아시아홀딩스
002310,아세아제지
049550,잉크테크
263700,케어랩스
212560,네오오토
271980,제일약품
071320,지역난방공사
011760,현대코퍼레이션
012450,한화에어로스페이스
027360,아주IB투자
195990,에이비프로바이오
319660,피에스케이
251280,안지오랩
089010,켐트로닉스
091120,이엠텍
267790,배럴
293490,카카오게임즈
122640,예스티
391710,코닉오토메이션
010620,현대미포조선
002210,동성제약
009070,KCTC
064520,바른전자
013520,화승코퍼레이션
004990,롯데지주
006490,인스코비
014830,유니드
288980,모아데이타
030000,제일기획
111870,KH 전자
109860,동일금속
093640,다믈멀티미디어
009460,한창제지
123010,아이윈플러스
036620,감성코퍼레이션
005070,코스모신소재
293480,하나제약
053610,프로텍
054220,비츠로시스
000230,일동홀딩스
004000,롯데정밀화학
177350,베셀
043090,엑서지21
086960,MDS테크
000670,영풍
099320,쎄트렉아이
00499K,롯데지주우
200670,휴메딕스
034730,SK
216400,인바이츠바이오코아
075580,세진중공업
034590,인천도시가스
133820,화인베스틸
000040,KR모터스
017250,인터엠
037070,파세코
328130,루닛
000240,한국앤컴퍼니
001740,SK네트웍스
090080,평화산업
009190,대양금속
003480,한진중공업홀딩스
067830,세이브존I&C
430460,한화플러스제3호스팩
086900,메디톡스
442130,유진스팩9호
439410,엔에이치스팩26호
00279K,아모레G3우(전환)
008730,율촌화학
005430,한국공항
060900,대한그린파워
140860,파크시스템스
417310,코람코더원리츠
003520,영진약품
054800,아이디스홀딩스
249420,일동제약
016670,디모아
065420,에스아이리소스
272110,케이엔제이
204210,모두투어리츠
950220,네오이뮨텍
011170,롯데케미칼
111710,남화산업
009450,경동나비엔
009310,참엔지니어링
037440,희림
096770,SK이노베이션
069510,에스텍
122990,와이솔
271560,오리온
059090,미코
018680,서울제약
005800,신영와코루
187790,나노
351320,에스에이티이엔지
103590,일진전기
076080,웰크론한텍
286750,나노브릭
241520,DSC인베스트먼트
298050,효성첨단소재
297090,씨에스베어링
310210,보로노이
003280,흥아해운
200350,래몽래인
214320,이노션
067280,멀티캠퍼스
376930,노을
101170,우림피티에스
051490,나라엠앤디
360070,탑머티리얼
402030,코난테크놀로지
351330,이삭엔지니어링
337930,브랜드엑스코퍼레이션
000810,삼성화재
084370,유진테크
00088K,한화3우B
204630,스튜디오산타클로스
424140,케이비제21호스팩
140610,엔솔바이오사이언스
007070,GS리테일
357880,비트나인
033530,세종공업
019770,서연탑메탈
047050,포스코인터내셔널
214420,토니모리
270210,에스알바이오텍
334970,프레스티지바이오로직스
053260,금강철강
033540,파라텍
279600,미디어젠
098460,고영
079550,LIG넥스원
082920,비츠로셀
361390,제노코
014160,대영포장
005010,휴스틸
095660,네오위즈
007980,태평양물산
126700,하이비젼시스템
002790,아모레G
005990,매일홀딩스
115160,휴맥스
085810,알티캐스트
166480,코아스템
368600,아이씨에이치
378800,샤페론
053700,삼보모터스
236030,씨알푸드
047040,대우건설
112610,씨에스윈드
378850,화승알앤에이
079190,케스피온
370090,퓨런티어
298000,효성화학
002150,도화엔지니어링
025540,한국단자
326030,SK바이오팜
097950,CJ제일제당
003830,대한화섬
356860,티엘비
004980,성신양회
057680,티사이언티픽
106190,하이텍팜
091590,남화토건
267270,현대건설기계
047810,한국항공우주
030350,드래곤플라이
011280,태림포장
036570,엔씨소프트
006110,삼아알미늄
108230,톱텍
381970,케이카
336370,솔루스첨단소재
086280,현대글로비스
900250,크리스탈신소재
067080,대화제약
066570,LG전자
331380,포커스에이치엔에스
064090,에프앤리퍼블릭
303360,프로테옴텍
032830,삼성생명
032980,바이온
051900,LG생활건강
009540,한국조선해양
078930,GS
052020,에스티큐브
18064K,한진칼우
018670,SK가스
112290,영창케미칼
021240,코웨이
083420,그린케미칼
014280,금강공업
222160,바이옵트로
035250,강원랜드
010420,한솔PNS
900100,애머릿지
007460,에이프로젠
056190,에스에프에이
191410,육일씨엔에쓰
045510,정원엔시스
003080,성보화학
000155,두산우
003010,혜인
397500,대신밸런스제11호스팩
053160,프리엠스
046070,코다코
012170,아센디오
033100,제룡전기
322190,베른
001080,만호제강
014940,오리엔탈정공
080530,코디
434190,탈로스
003465,유화증권우
419540,비스토스
017550,수산중공업
058650,세아홀딩스
126880,제이엔케이히터
001290,상상인증권
006650,대한유화
105740,디케이락
010120,LS ELECTRIC
005385,현대차우
035760,CJ ENM
069920,아이에스이커머스
090430,아모레퍼시픽
000640,동아쏘시오홀딩스
079970,투비소프트
288490,나라소프트
009810,플레이그램
263770,유에스티
217910,에스제이켐
011780,금호석유
36328K,티와이홀딩스우
001940,KISCO홀딩스
004140,동방
001770,SHD
033240,자화전자
096350,대창솔루션
056360,코위버
082660,코스나인
062860,티엘아이
357550,석경에이티
096530,씨젠
086980,쇼박스
175250,아이큐어
273640,와이엠텍
088350,한화생명
000500,가온전선
363260,모비데이즈
210540,디와이파워
229640,LS전선아시아
014990,인디에프
049720,고려신용정보
033780,KT&G
357580,아모센스
015890,태경산업
900280,골든센츄리
074610,이엔플러스
051910,LG화학
210120,빅텐츠
365590,하이딥
049520,유아이엘
107640,한중엔시에스
015230,대창단조
006370,대구백화점
290670,대보마그네틱
011200,HMM
152550,한국ANKOR유전
091580,상신이디피
145210,다이나믹디자인
023160,태광
051915,LG화학우
217820,원익피앤이
095500,미래나노텍
131400,이브이첨단소재
014910,성문전자
051980,중앙디앤엠
259960,크래프톤
149950,아바텍
136660,큐엠씨
007340,DN오토모티브
007700,F&F홀딩스
042420,네오위즈홀딩스
419080,엔젯
039200,오스코텍
137310,에스디바이오센서
217620,디딤
009150,삼성전기
376180,피코그램
302920,더콘텐츠온
286000,씨엔티드림
086220,비엘헬스케어
001140,국보
327610,펨토바이오메드
066980,이엔코퍼레이션
011690,와이투솔루션
006260,LS
224810,엄지하우스
036120,SCI평가정보
308170,센트랄모텍
029480,광무
298040,효성중공업
149010,아이케이세미콘
282330,BGF리테일
023460,CNH
007330,푸른저축은행
003030,세아제강지주
203690,프로스테믹스
014580,태경비케이
000150,두산
258610,케일럼
096610,알에프세미
267260,현대일렉트릭
012320,경동인베스트
036890,진성티이씨
299480,지앤이헬스케어
078130,국일제지
043710,서울리거
053590,한국테크놀로지
002995,금호건설우
066830,제노텍
114920,대주이엔티
311960,에이아이더뉴트리진
308700,테크엔
234070,에이원알폼
